company_id,email_text,vader_compound,textblob_polarity,afinn_score,hf_roberta_score,hf_sst2_score,max_disagreement,note
Company_B,"Hello, Thank you for your interest in joining the [Company_B] team. We reviewed your application, and unfortunately, we decided not to proceed. Shortlisting the best candidates is hard. Although your resume is competitive, I had to choose amongst a lot of great candidates for the job: sorry! (Keep in mind that I can make mistakes :)) If it might help you for future applications, here is what recruiters like to see in resumes: Beautifully designed, Resume adapted to the job position (as it shows your motivation), i.e. : Catch phrase adapted to company, Highlight (or set bold) what matters for the job position, Key elements we need to qualify easily visible: your city, languages, phone, email, etc. No need to write a lot: 1 page is often better (imagine we have to check hundreds of resumes). Good luck finding your dream job.",0.9878,0.2846153846153846,28.0,0.1702462434768676,-0.7842265367507935,1.5416983316225883,SST-2 disagrees most
Company_J,"Hi [Name], First of all my apologies for not getting back sooner. As a person you have the values and personality that would fit with our organization. After several interviews, people finally agreed with me that your preference is a technical job to land in. However, this is not where your market value is. This is where you are competing with people with much stronger technical study and work experiences. So we've decided to not move forward with the recruitment process. Feel free to come back to me if you want to further discuss.",0.9313,0.1136363636363636,6.0,-0.1975090503692627,-0.8612022995948792,1.2809429922355717,SST-2 disagrees most
Company_D,"Hi [Name], Thanks for taking the time to apply for the Data Analyst (For Independent contractors) gig. We're sorry, but you haven't been selected this time. Unfortunately, the hiring team has decided to move forward with another candidate based on their previous work experience and skill set. Hopefully your next gig with us is just around the corner. We'll let you know when we have another gig that matches your skills.",0.3071,-0.1611111111111111,3.0,-0.2816810011863708,-0.9466433525085448,1.0310206011857934,SST-2 disagrees most
Company_K,"Hi [Name], Thank you for your interest in our vacancy. However, all the spots of this vacancy are already filled, so we're not looking for new candidates anymore. Also, we are mostly looking for Dutch and/or French speaking candidates. Good luck with finding a job.",0.886,0.3472727272727273,9.0,0.5445913076400757,-0.4406829178333282,0.9589166840670944,SST-2 disagrees most
Company_C,"Hi [Name], Thanks for your application with [Company_C]! Unfortunately, we have chosen not to take your application to the next round of our hiring process for the Junior Analytics Engineer position. We have received a great amount of applications for this position and we've decided to move forward with other candidates whose experience and skills are more in line with what we're currently looking for at this time. Things can change fast though! So we would like to include your resume in our database for a period of 2 years. We'll contact you if we have an open position that might be a good match for you. If you don't want us to keep your resume, please let us know in a reply to this email. If at any point in time you would like to view, alter or have your data deleted from our database, please let us know. We wish you all the best in your job search and future professional endeavors.",0.9739,0.1982142857142857,19.0,-0.1683689355850219,0.2258252799510955,0.7852641736802599,RoBERTa disagrees most
Company_L,"Hello, Thank you for your application to join [Company_L] as a Junior Data Engineer Trainee. Given the large number of applicants, we are forced to select more strictly on competencies and technical knowledge. We regret to inform you that we will not take you to the next step in the selection process. Thank you again for your interest in [Company_L]. We wish you the best of luck in your career search!",0.9312,0.2357142857142856,11.0,-0.1799081265926361,0.9906617403030396,0.6998319361164456,RoBERTa disagrees most
Company_E,"Thank you for your interest in the Full Stack Developer (focus back-end) position at [Company_E]. Unfortunately, we will not be moving forward with your application, but we appreciate your time and interest in [Company_E].",0.8625,-0.075,6.0,0.8289982080459595,0.999125838279724,0.6651972668511525,SST-2 disagrees most
Company_M,"Dear [Candidate], thank you for your application. We are providing some feedback as part of our learning-focused process. After reviewing your CV and interview, we were not fully convinced about your motivation for this role. Many candidates have shown more recent steps toward the required skills. This does not mean you cannot pursue similar opportunities in the future. Our general advice is to continue learning, practicing, and building a portfolio to strengthen your applications. We wish you all the best in your career journey.",0.9009,0.27578125,16.0,-0.0013211816549301,0.9969265460968018,0.5840244554644539,RoBERTa disagrees most
Company_G,"Dear [Name], Thank you for your application to the Junior Project Manager role at [Company_G]. We are writing to let you know that we have reviewed your application. We regret to inform you that we shall not be progressing your application further for this particular role. We appreciate that you considered us for your next career step and hope that you maintain interest in [Company_G] and our products. If you would like to apply for other new openings we would be happy to consider you. As guidance we can consider your application for the same role once every six months, or across four separate roles in a six month period. Regards,",0.9442,0.1397186147186147,12.0,-0.0308451279997825,0.775879979133606,0.5350084757631303,RoBERTa disagrees most
Company_I,"Hi [Name], First of all, thank you for your interest shown in [Company_I] and the time you took to apply for the Frontend Developer position. The quality of candidates we have received for this role, including yourself, has been very high. Unfortunately, we couldn't find an immediate match based on your competency this time around. Therefore, we have chosen to proceed to the next stage with other candidates who at this moment fit the position better. Once again, we greatly appreciate your interest in [Company_I] and encourage you to keep an eye on the job listings on our career page. Further, we are proud to be a [Parent Company] brand, so don't forget to check out the vacancies at other [Parent Company] companies as well. We wish you all the best in your professional career!",0.9836,0.2563846153846154,18.0,0.9004071354866028,0.9992539882659912,0.3716400688520718,SST-2 disagrees most
Company_H,"Hi [Name], Thank you again for your interest in [Company_H]. Unfortunately, we have decided not to proceed with your application for the position of Customer Services Consultant as we have decided to move forward with other candidates that we feel are a better fit. However, we were impressed with your skills and background. If you would like to apply for a different position in the future, follow us on social media and stay up to date with all new job opportunities. Good luck in your job search!",0.9678,0.231969696969697,19.0,0.3498835265636444,0.997079849243164,0.37096614072945544,SST-2 disagrees most
Company_F,"Hi [Name], Thank you again for your interest in [Company_F], we want you to know that we value the time and effort you've invested in your application for the Data Engineer - Intern position. We have carefully reviewed your application and, while we were impressed with your experience and qualifications, we have decided to proceed with other candidates who more closely match our current needs. Due to the high number of applicants, we unfortunately can't provide any additional feedback at this time. We understand that this may be disappointing news, we would however be happy to consider you for any future opportunities that may be a better fit. If you haven't already connected with us, please do so to allow us to keep you updated on any new opportunities that will open up in the future. We wish you all the best in your job search and hope that you will keep us in mind for the future. Thank you again for your interest in [Company_F]!",0.9898,0.1692424242424242,28.0,0.8744032979011536,0.9976459741592408,0.2779651660784328,SST-2 disagrees most
Company_A,"Hi [Name], Thank you again for applying for the position of Junior Data Engineer at [Company_A]. We appreciate your interest in joining our team and we are grateful for the time and effort you put into your application. After reviewing your profile, we're sorry to inform you that we won't be moving forward with your application at this time. This wasn't an easy decision, as we received many strong applications for this role. While we were impressed by your experience, we've decided to move ahead with candidates whose skills and previous job experiences more closely align with our current needs. Please rest assured that not progressing with your profile does not reflect a lack of appreciation for your skills and experience. Although we're not taking things further today, we hope our paths will cross again in the future. We encourage you to keep an eye on our Career page for future opportunities; as we are a fast-growing company, we do open new positions frequently! Wishing you all the best in your next steps!",0.9894,0.2036096256684492,28.0,0.8253324627876282,0.994201958179474,0.26319874962332435,SST-2 disagrees most
